State,Year,Total Yearly Deaths ,Total Yearly Population,Month (Most Frequent),% of Yearly Total Deaths,Deaths Under 5 Years,Deaths 5-14 Years,Deaths 15 to 24 Years,Deaths 25 to 34 Years,Deaths 35 to 44 Years,Deaths 45 to 54 Years,Deaths 55 to 64 Years,Deaths 65 to 74 Years,Deaths 75 to 84 Years,Deaths 85+ Years,Not Stated,,,,,
Alabama,2009,755,4713550,December,0.02%,0,0,0,0,0,23,32,83,261,356,0,,,,,
Alabama,2010,809,4862140,January,0.02%,0,0,0,0,0,10,45,143,263,348,0,,,,,
Alabama,2011,776,5081072,January,0.02%,0,0,0,0,0,0,20,116,292,348,0,,,,,
Alabama,2012,761,4866478,December,0.02%,0,0,0,0,0,0,25,108,270,358,0,,,,,
Alabama,2013,861,4876320,January,0.02%,0,0,0,0,0,10,84,103,283,381,0,,,,,
Alabama,2014,887,4622427,January,0.02%,0,0,0,0,15,41,58,167,261,345,0,,,,,
Alabama,2015,977,4727058,January,0.02%,0,0,0,0,0,0,102,186,308,381,0,,,,,
Alabama,2016,875,4939554,March,0.02%,0,0,0,0,0,12,106,191,277,289,0,,,,,
Alabama,2017,1044,4761712,March,0.02%,0,0,0,0,0,10,94,227,338,375,0,,,,,
Alaska,2009,0,734628,No Deaths,0.00%,0,0,0,0,0,0,0,0,0,0,0,,,,,
Alaska,2010,0,702506,No Deaths,0.00%,0,0,0,0,0,0,0,0,0,0,0,,,,,
Alaska,2011,0,677432,No Deaths,0.00%,0,0,0,0,0,0,0,0,0,0,0,,,,,
Alaska,2012,0,675805,No Deaths,0.00%,0,0,0,0,0,0,0,0,0,0,0,,,,,
Alaska,2013,0,724271,No Deaths,0.00%,0,0,0,0,0,0,0,0,0,0,0,,,,,
Alaska,2014,0,647536,No Deaths,0.00%,0,0,0,0,0,0,0,0,0,0,0,,,,,
Alaska,2015,0,705215,No Deaths,0.00%,0,0,0,0,0,0,0,0,0,0,0,,,,,
Alaska,2016,0,728682,No Deaths,0.00%,0,0,0,0,0,0,0,0,0,0,0,,,,,
Alaska,2017,0,731616,No Deaths,0.00%,0,0,0,0,0,0,0,0,0,0,0,,,,,
Arizona,2009,848,6324865,October ,0.01%,0,0,0,0,10,32,27,151,278,350,0,,,,,
Arizona,2010,586,6287420,January,0.01%,0,0,0,0,0,0,26,57,208,295,0,,,,,
Arizona,2011,532,6304046,January,0.01%,0,0,0,0,0,10,0,65,188,269,0,,,,,
Arizona,2012,518,6462829,March,0.01%,0,0,0,0,0,0,11,35,199,273,0,,,,,
Arizona,2013,593,6518081,January,0.01%,0,0,0,0,0,0,10,48,187,348,0,,,,,
Arizona,2014,611,6552388,January,0.01%,0,0,0,0,10,15,33,109,174,270,0,,,,,
Arizona,2015,608,6522731,January,0.01%,0,0,0,0,0,0,12,72,203,321,0,,,,,
Arizona,2016,742,6545958,March,0.01%,0,0,0,0,0,23,70,137,213,299,0,,,,,
Arizona,2017,696,6742401,December,0.01%,0,0,0,0,0,0,30,124,203,339,0,,,,,
Arkansas,2009,508,2843554,January,0.02%,0,0,0,0,0,0,10,12,198,288,0,,,,,
Arkansas,2010,462,3041661,January,0.02%,0,0,0,0,0,0,0,26,173,263,0,,,,,
Arkansas,2011,574,2971204,January,0.02%,0,0,0,0,0,0,11,33,187,343,0,,,,,
Arkansas,2012,546,3063186,December,0.02%,0,0,0,0,0,0,10,35,148,353,0,,,,,
Arkansas,2013,619,3039533,January,0.02%,0,0,0,0,0,0,0,105,179,335,0,,,,,
Arkansas,2014,528,2953381,January,0.02%,0,0,0,0,0,10,33,55,170,260,0,,,,,
Arkansas,2015,521,3099972,January,0.02%,0,0,0,0,0,0,0,75,178,268,0,,,,,
Arkansas,2016,491,3082240,December,0.02%,0,0,0,0,0,0,0,88,164,239,0,,,,,
Arkansas,2017,560,3144162,December,0.02%,0,0,0,0,0,0,11,89,220,240,0,,,,,
California,2009,6261,36329077,December,0.02%,0,10,11,93,168,346,436,708,1633,2856,0,,,,,
California,2010,5732,36388689,March,0.02%,0,0,0,0,27,125,351,695,1579,2955,0,,,,,
California,2011,6046,36986746,March,0.02%,0,0,0,13,40,211,444,671,1617,3050,0,,,,,
California,2012,5682,37341855,January,0.02%,0,0,0,0,0,151,412,738,1443,2938,0,,,,,
California,2013,6387,37606937,January,0.02%,0,0,0,11,22,159,501,828,1602,3264,0,,,,,
California,2014,5836,38107157,January,0.02%,0,0,0,27,84,248,589,800,1450,2638,0,,,,,
California,2015,6043,38692954,January,0.02%,0,0,0,0,14,165,441,869,1537,3017,0,,,,,
California,2016,5818,38841344,March,0.01%,0,0,0,0,49,173,511,921,1439,2725,0,,,,,
California,2017,6197,38760119,January,0.02%,0,0,0,0,26,158,503,930,1595,2985,0,,,,,
Colorado,2009,450,4888765,October ,0.01%,0,0,0,0,0,11,28,10,135,266,0,,,,,
Colorado,2010,385,4934666,March,0.01%,0,0,0,0,0,0,0,0,125,260,0,,,,,
Colorado,2011,408,5074109,May,0.01%,0,0,0,0,0,0,0,20,116,272,0,,,,,
Colorado,2012,375,5046754,February,0.01%,0,0,0,0,0,0,0,10,111,254,0,,,,,
Colorado,2013,397,5218839,February,0.01%,0,0,0,0,0,0,22,11,84,280,0,,,,,
Colorado,2014,460,5270658,January,0.01%,0,0,0,0,0,0,33,33,108,286,0,,,,,
Colorado,2015,440,5893410,January,0.01%,0,0,0,0,0,0,0,21,117,302,0,,,,,
Colorado,2016,331,5380485,January,0.01%,0,0,0,0,0,0,12,25,74,220,0,,,,,
Colorado,2017,376,5915370,January,0.01%,0,0,0,0,0,0,42,33,65,236,0,,,,,
Connecticut,2009,546,3494487,April,0.02%,0,0,0,0,0,0,0,12,170,364,0,,,,,
Connecticut,2010,459,3545837,January,0.01%,0,0,0,0,0,0,0,20,100,339,0,,,,,
Connecticut,2011,534,3558172,January,0.02%,0,0,0,0,0,0,0,0,119,415,0,,,,,
Connecticut,2012,430,3572213,March,0.01%,0,0,0,0,0,0,0,0,113,317,0,,,,,
Connecticut,2013,467,3583561,January,0.01%,0,0,0,0,0,0,0,11,79,377,0,,,,,
Connecticut,2014,497,3592053,April,0.01%,0,0,0,0,0,0,0,30,103,364,0,,,,,
Connecticut,2015,548,3593222,February,0.02%,0,0,0,0,0,0,0,14,137,397,0,,,,,
Connecticut,2016,399,3588570,March,0.01%,0,0,0,0,0,0,0,0,92,307,0,,,,,
Connecticut,2017,537,3594478,February,0.01%,0,0,0,0,0,0,10,33,105,389,0,,,,,
Delaware,2009,0,863832,No Deaths,0.00%,0,0,0,0,0,0,0,0,0,0,0,,,,,
Delaware,2010,10,881278,May,0.00%,0,0,0,0,0,0,0,0,0,10,0,,,,,
Delaware,2011,0,890856,No Deaths,0.00%,0,0,0,0,0,0,0,0,0,0,0,,,,,
Delaware,2012,21,900131,March,0.00%,0,0,0,0,0,0,0,0,0,21,0,,,,,
Delaware,2013,10,908446,June,0.00%,0,0,0,0,0,0,0,0,0,10,0,,,,,
Delaware,2014,31,917060,January,0.00%,0,0,0,0,0,0,0,0,11,20,0,,,,,
Delaware,2015,52,926454,January,0.01%,0,0,0,0,0,0,0,10,0,42,0,,,,,
Delaware,2016,0,934695,No Deaths,0.00%,0,0,0,0,0,0,0,0,0,0,0,,,,,
Delaware,2017,10,943732,January,0.00%,0,0,0,0,0,0,0,0,10,0,0,,,,,
District of Columbia,2009,0,588433,No Deaths,0.00%,0,0,0,0,0,0,0,0,0,0,0,,,,,
District of Columbia,2010,0,584400,No Deaths,0.00%,0,0,0,0,0,0,0,0,0,0,0,,,,,
District of Columbia,2011,0,593955,No Deaths,0.00%,0,0,0,0,0,0,0,0,0,0,0,,,,,
District of Columbia,2012,0,605759,No Deaths,0.00%,0,0,0,0,0,0,0,0,0,0,0,,,,,
District of Columbia,2013,0,619371,No Deaths,0.00%,0,0,0,0,0,0,0,0,0,0,0,,,,,
District of Columbia,2014,0,633736,No Deaths,0.00%,0,0,0,0,0,0,0,0,0,0,0,,,,,
District of Columbia,2015,0,647484,No Deaths,0.00%,0,0,0,0,0,0,0,0,0,0,0,,,,,
District of Columbia,2016,0,659009,No Deaths,0.00%,0,0,0,0,0,0,0,0,0,0,0,,,,,
District of Columbia,2017,0,672391,No Deaths,0.00%,0,0,0,0,0,0,0,0,0,0,0,,,,,
Florida,2009,2254,18222420,March,0.01%,0,0,0,20,22,150,201,284,604,973,0,,,,,
Florida,2010,2104,18549507,January,0.01%,0,0,0,0,0,60,140,294,648,962,0,,,,,
Florida,2011,2311,18633958,January,0.01%,0,0,0,0,10,74,193,327,629,1078,0,,,,,
Florida,2012,2196,18696017,December,0.01%,0,0,0,0,0,25,186,324,606,1055,0,,,,,
Florida,2013,2542,18828013,January,0.01%,0,0,0,0,13,115,278,374,609,1153,0,,,,,
Florida,2014,2594,19202176,December,0.01%,0,0,0,13,22,139,277,388,671,1084,0,,,,,
Florida,2015,2551,19358086,January,0.01%,0,0,0,0,0,56,224,441,733,1097,0,,,,,
Florida,2016,2672,20031616,March,0.01%,0,0,0,0,30,108,274,471,701,1088,0,,,,,
Florida,2017,2905,20438732,January,0.01%,0,0,0,0,0,51,300,516,744,1294,0,,,,,
Georgia,2009,1318,9713030,January,0.01%,0,0,0,0,10,31,116,189,410,562,0,,,,,
Georgia,2010,1285,9598767,December,0.01%,0,0,0,0,0,22,91,223,392,557,0,,,,,
Georgia,2011,1315,9627433,February,0.01%,0,0,0,0,0,12,130,253,376,544,0,,,,,
Georgia,2012,1230,9955103,December,0.01%,0,0,0,0,0,13,109,156,419,533,0,,,,,
Georgia,2013,1323,10022337,January,0.01%,0,0,0,0,17,42,113,222,398,531,0,,,,,
Georgia,2014,1381,9817046,January,0.01%,0,0,0,0,14,47,187,257,348,528,0,,,,,
Georgia,2015,1332,10307372,January,0.01%,0,0,0,0,0,11,162,241,419,499,0,,,,,
Georgia,2016,1270,10082058,March,0.01%,0,0,0,0,0,10,192,266,351,451,0,,,,,
Georgia,2017,1286,10346352,March,0.01%,0,0,0,0,0,20,149,274,391,452,0,,,,,
Hawaii,2009,105,1280241,June,0.01%,0,0,0,0,0,0,0,0,0,105,0,,,,,
Hawaii,2010,141,1333591,April,0.01%,0,0,0,0,0,0,0,0,22,119,0,,,,,
Hawaii,2011,193,1346554,March,0.01%,0,0,0,0,0,0,0,0,11,182,0,,,,,
Hawaii,2012,270,1362730,April,0.02%,0,0,0,0,0,0,0,0,31,239,0,,,,,
Hawaii,2013,319,1376298,March,0.02%,0,0,0,0,0,0,0,0,67,252,0,,,,,
Hawaii,2014,286,1391072,January,0.02%,0,0,0,0,0,0,0,0,62,224,0,,,,,
Hawaii,2015,405,1406214,February,0.03%,0,0,0,0,0,0,0,0,79,326,0,,,,,
Hawaii,2016,348,1413673,December,0.02%,0,0,0,0,0,0,0,0,45,303,0,,,,,
Hawaii,2017,458,1421732,January,0.03%,0,0,0,0,0,0,0,0,76,382,0,,,,,
Idaho,2009,538,1498101,January,0.04%,0,0,0,0,0,12,10,16,148,352,0,,,,,
Idaho,2010,512,1535086,December,0.03%,0,0,0,0,0,0,0,10,115,387,0,,,,,
Idaho,2011,558,1587086,February,0.04%,0,0,0,0,0,0,0,0,109,449,0,,,,,
Idaho,2012,559,1570747,December,0.04%,0,0,0,0,0,0,0,0,102,457,0,,,,,
Idaho,2013,727,1704449,January,0.04%,0,0,0,0,0,0,0,15,166,546,0,,,,,
Idaho,2014,476,1650525,December,0.03%,0,0,0,0,0,0,0,0,87,389,0,,,,,
Idaho,2015,544,1705292,January,0.03%,0,0,0,0,0,0,11,13,98,422,0,,,,,
Idaho,2016,404,1554682,January,0.03%,0,0,0,0,0,0,0,0,68,336,0,,,,,
Idaho,2017,518,1576319,February,0.03%,0,0,0,0,0,0,0,25,87,406,0,,,,,
Illinois,2009,2268,12892496,January,0.02%,0,0,0,0,22,67,173,263,589,1154,0,,,,,
Illinois,2010,2080,12896183,December,0.02%,0,0,0,0,0,20,148,247,597,1068,0,,,,,
Illinois,2011,2291,12741975,January,0.02%,0,0,0,0,0,41,201,256,625,1168,0,,,,,
Illinois,2012,2201,12856518,March,0.02%,0,0,0,0,0,33,185,292,559,1132,0,,,,,
Illinois,2013,2307,12791075,January,0.02%,0,0,0,0,0,10,175,315,600,1207,0,,,,,
Illinois,2014,2354,12811495,December,0.02%,0,0,0,0,12,36,181,333,577,1215,0,,,,,
Illinois,2015,2211,13220780,January,0.02%,0,0,0,0,0,25,189,315,541,1141,0,,,,,
Illinois,2016,2041,12858632,March,0.02%,0,0,0,0,0,26,216,333,519,947,0,,,,,
Illinois,2017,2251,13030989,December,0.02%,0,0,0,0,0,23,202,370,587,1069,0,,,,,
Indiana,2009,976,6401961,March,0.02%,0,0,0,0,0,0,45,98,296,537,0,,,,,
Indiana,2010,1004,6481765,January,0.02%,0,0,0,0,0,10,43,91,311,549,0,,,,,
Indiana,2011,797,6258004,February,0.01%,0,0,0,0,0,0,12,77,250,458,0,,,,,
Indiana,2012,751,6524394,December,0.01%,0,0,0,0,0,0,0,35,244,472,0,,,,,
Indiana,2013,947,6566223,January,0.01%,0,0,0,0,0,0,55,95,265,532,0,,,,,
Indiana,2014,882,6372916,December,0.01%,0,0,0,0,12,0,65,100,250,455,0,,,,,
Indiana,2015,863,6539401,January,0.01%,0,0,0,0,0,0,13,97,273,480,0,,,,,
Indiana,2016,812,6685870,March,0.01%,0,0,0,0,0,14,49,133,229,387,0,,,,,
Indiana,2017,939,6761818,March,0.01%,0,0,0,0,0,10,47,150,276,456,0,,,,,
Kansas,2009,449,2793990,April,0.02%,0,0,0,0,0,0,0,0,127,322,0,,,,,
Kansas,2010,402,2740733,February,0.01%,0,0,0,0,0,0,0,0,99,303,0,,,,,
Kansas,2011,481,2931206,January,0.02%,0,0,0,0,0,0,0,0,107,374,0,,,,,
Kansas,2012,492,2925322,March,0.02%,0,0,0,0,0,0,0,0,144,348,0,,,,,
Kansas,2013,548,2873594,January,0.02%,0,0,0,0,0,0,11,13,121,403,0,,,,,
Kansas,2014,465,2905975,January,0.02%,0,0,0,0,0,0,12,21,125,307,0,,,,,
Kansas,2015,497,2985149,January,0.02%,0,0,0,0,0,0,0,28,109,360,0,,,,,
Kansas,2016,384,2919733,March,0.01%,0,0,0,0,0,0,0,34,78,272,0,,,,,
Kansas,2017,404,2961871,February,0.01%,0,0,0,0,0,0,0,34,90,280,0,,,,,
Kentucky,2009,828,4318288,November,0.02%,0,0,0,0,0,0,34,128,268,398,0,,,,,
Kentucky,2010,745,4178330,January,0.02%,0,0,0,0,0,0,11,61,266,407,0,,,,,
Kentucky,2011,800,4295103,March,0.02%,0,0,0,0,0,24,33,101,256,386,0,,,,,
Kentucky,2012,714,4353333,December,0.02%,0,0,0,0,0,0,23,90,244,357,0,,,,,
Kentucky,2013,757,4383424,January,0.02%,0,0,0,0,0,0,21,135,224,377,0,,,,,
Kentucky,2014,860,4391453,January,0.02%,0,0,0,0,0,12,63,154,257,374,0,,,,,
Kentucky,2015,835,4777819,January,0.02%,0,0,0,0,0,0,56,161,228,390,0,,,,,
Kentucky,2016,744,4572329,January,0.02%,0,0,0,0,0,0,53,160,213,318,0,,,,,
Kentucky,2017,763,4501623,March,0.02%,0,0,0,0,0,0,39,126,270,328,0,,,,,
Louisiana,2009,661,4437074,December,0.01%,0,0,0,0,0,0,0,73,243,345,0,,,,,
Louisiana,2010,718,4490871,January,0.02%,0,0,0,0,0,0,11,122,247,338,0,,,,,
Louisiana,2011,656,4539451,January,0.01%,0,0,0,0,0,0,38,35,242,341,0,,,,,
Louisiana,2012,612,4722489,December,0.01%,0,0,0,0,0,0,12,78,209,313,0,,,,,
Louisiana,2013,730,4472031,January,0.02%,0,0,0,0,0,14,80,107,185,344,0,,,,,
Louisiana,2014,665,4714491,January,0.01%,0,0,0,0,0,37,60,114,162,292,0,,,,,
Louisiana,2015,569,4572767,January,0.01%,0,0,0,0,0,0,26,74,178,291,0,,,,,
Louisiana,2016,540,4956698,March,0.01%,0,0,0,0,0,0,31,81,175,253,0,,,,,
Louisiana,2017,628,4444334,December,0.01%,0,0,0,0,0,0,58,121,183,266,0,,,,,
Maine,2009,81,1316380,May,0.01%,0,0,0,0,0,0,0,0,11,70,0,,,,,
Maine,2010,100,1327665,January,0.01%,0,0,0,0,0,0,0,0,0,100,0,,,,,
Maine,2011,148,1417781,March,0.01%,0,0,0,0,0,0,0,0,31,117,0,,,,,
Maine,2012,51,1311652,December,0.00%,0,0,0,0,0,0,0,0,13,38,0,,,,,
Maine,2013,105,1328320,January,0.01%,0,0,0,0,0,0,0,0,23,82,0,,,,,
Maine,2014,61,1346053,February,0.00%,0,0,0,0,0,0,0,0,0,61,0,,,,,
Maine,2015,170,1333487,January,0.01%,0,0,0,0,0,0,0,0,37,133,0,,,,,
Maine,2016,80,1359301,April,0.01%,0,0,0,0,0,0,0,0,10,70,0,,,,,
Maine,2017,130,1365894,March,0.01%,0,0,0,0,0,0,0,0,12,118,0,,,,,
Massachusetts,2009,1173,6511176,January,0.02%,0,0,0,0,0,13,0,92,362,706,0,,,,,
Massachusetts,2010,1133,6492771,March,0.02%,0,0,0,0,0,0,12,78,340,703,0,,,,,
Massachusetts,2011,1257,6522562,March,0.02%,0,0,0,0,0,0,13,88,318,838,0,,,,,
Massachusetts,2012,1197,6555027,December,0.02%,0,0,0,0,0,0,0,106,329,762,0,,,,,
Massachusetts,2013,1422,6615252,January,0.02%,0,0,0,0,0,0,39,137,363,883,0,,,,,
Massachusetts,2014,1252,6667515,March,0.02%,0,0,0,0,0,0,74,148,310,720,0,,,,,
Massachusetts,2015,1406,6688538,February,0.02%,0,0,0,0,0,0,40,161,337,868,0,,,,,
Massachusetts,2016,1118,6741921,April,0.02%,0,0,0,0,0,0,22,150,292,654,0,,,,,
Massachusetts,2017,1335,6792932,February,0.02%,0,0,0,0,0,0,38,164,342,791,0,,,,,
Maryland,2009,724,5637418,January,0.01%,0,0,0,0,0,22,10,10,284,398,0,,,,,
Maryland,2010,739,5729150,March,0.01%,0,0,0,0,0,0,13,62,252,412,0,,,,,
Maryland,2011,877,5750718,January,0.02%,0,0,0,0,0,0,30,111,279,457,0,,,,,
Maryland,2012,763,5785496,December,0.01%,0,0,0,0,0,0,11,52,250,450,0,,,,,
Maryland,2013,943,5801682,January,0.02%,0,0,0,0,0,0,43,112,275,513,0,,,,,
Maryland,2014,855,5923810,December,0.01%,0,0,0,0,0,20,38,137,242,418,0,,,,,
Maryland,2015,1018,5950118,January,0.02%,0,0,0,0,0,0,25,170,305,518,0,,,,,
Maryland,2016,871,5904814,March,0.01%,0,0,0,0,0,11,27,139,254,440,0,,,,,
Maryland,2017,837,5921207,January,0.01%,0,0,0,0,0,0,15,145,235,442,0,,,,,
Michigan,2009,1460,10032443,November,0.01%,0,0,0,0,10,31,126,191,417,685,0,,,,,
Michigan,2010,1331,10036819,December,0.01%,0,0,0,0,0,0,62,193,433,643,0,,,,,
Michigan,2011,1602,10032554,March,0.02%,0,0,0,0,0,12,130,216,439,805,0,,,,,
Michigan,2012,1427,9964477,March,0.01%,0,0,0,0,0,13,84,178,435,717,0,,,,,
Michigan,2013,1767,10002911,January,0.02%,0,0,0,0,0,20,161,267,472,847,0,,,,,
Michigan,2014,1726,10210022,January,0.02%,0,0,0,0,11,42,120,267,457,829,0,,,,,
Michigan,2015,1776,9833515,January,0.02%,0,0,0,0,0,34,135,269,438,900,0,,,,,
Michigan,2016,1514,10038266,March,0.02%,0,0,0,0,0,26,134,272,442,640,0,,,,,
Michigan,2017,1667,9835701,March,0.02%,0,0,0,0,0,10,162,270,441,784,0,,,,,
Mississippi,2009,404,2987771,January,0.01%,0,0,0,0,0,0,0,26,159,219,0,,,,,
Mississippi,2010,381,2830107,July,0.01%,0,0,0,0,0,0,10,31,123,217,0,,,,,
Mississippi,2011,439,2986137,February,0.01%,0,0,0,0,0,0,0,21,201,217,0,,,,,
Mississippi,2012,385,2995152,December,0.01%,0,0,0,0,0,0,0,46,102,237,0,,,,,
Mississippi,2013,598,3052906,January,0.02%,0,0,0,0,0,0,38,78,200,282,0,,,,,
Mississippi,2014,612,3028046,January,0.02%,0,0,0,0,0,12,75,92,197,236,0,,,,,
Mississippi,2015,661,2933682,January,0.02%,0,0,0,0,0,0,33,128,210,290,0,,,,,
Mississippi,2016,656,3041972,January,0.02%,0,0,0,0,0,0,45,142,206,263,0,,,,,
Mississippi,2017,621,2679353,December,0.02%,0,0,0,0,0,0,54,136,212,219,0,,,,,
Missouri,2009,1178,5784755,January,0.02%,0,0,0,0,0,10,60,142,346,620,0,,,,,
Missouri,2010,1008,5871467,March,0.02%,0,0,0,0,0,10,12,106,312,568,0,,,,,
Missouri,2011,1040,5886675,February,0.02%,0,0,0,0,0,0,39,129,310,562,0,,,,,
Missouri,2012,1088,5975295,March,0.02%,0,0,0,0,0,0,69,129,317,573,0,,,,,
Missouri,2013,1185,5786199,January,0.02%,0,0,0,0,0,10,45,165,318,647,0,,,,,
Missouri,2014,1177,6312109,December,0.02%,0,0,0,0,12,15,60,149,355,586,0,,,,,
Missouri,2015,1185,5954813,January,0.02%,0,0,0,0,0,0,36,159,327,663,0,,,,,
Missouri,2016,1027,6185934,March,0.02%,0,0,0,0,0,12,59,172,292,492,0,,,,,
Missouri,2017,1117,5897576,February,0.02%,0,0,0,0,0,0,20,166,365,566,0,,,,,
Montana,2009,27,938828,March,0.00%,0,0,0,0,0,0,0,0,0,27,0,,,,,
Montana,2010,53,937821,May,0.01%,0,0,0,0,0,0,0,0,0,53,0,,,,,
Montana,2011,27,995740,March,0.00%,0,0,0,0,0,0,0,0,0,27,0,,,,,
Montana,2012,39,969860,February,0.00%,0,0,0,0,0,0,0,0,0,39,0,,,,,
Montana,2013,71,963052,January,0.01%,0,0,0,0,0,0,0,0,14,57,0,,,,,
Montana,2014,46,918790,December,0.01%,0,0,0,0,0,0,0,0,0,46,0,,,,,
Montana,2015,58,1066866,February,0.01%,0,0,0,0,0,0,0,0,0,58,0,,,,,
Montana,2016,11,1030376,April,0.00%,0,0,0,0,0,0,0,0,0,11,0,,,,,
Montana,2017,54,924716,March,0.01%,0,0,0,0,0,0,0,0,0,54,0,,,,,
Minnesota,2009,450,5177992,March,0.01%,0,0,0,0,0,11,0,0,91,348,0,,,,,
Minnesota,2010,439,5293148,March,0.01%,0,0,0,0,0,0,0,0,84,355,0,,,,,
Minnesota,2011,501,5176137,March,0.01%,0,0,0,0,0,0,0,0,107,394,0,,,,,
Minnesota,2012,517,5110756,December,0.01%,0,0,0,0,0,0,0,20,131,366,0,,,,,
Minnesota,2013,567,5721822,January,0.01%,0,0,0,0,0,0,0,28,119,420,0,,,,,
Minnesota,2014,445,5381551,December,0.01%,0,0,0,0,0,10,10,11,77,337,0,,,,,
Minnesota,2015,562,5453931,January,0.01%,0,0,0,0,0,0,0,31,116,415,0,,,,,
Minnesota,2016,344,5449528,March,0.01%,0,0,0,0,0,0,0,13,56,275,0,,,,,
Minnesota,2017,492,5314189,March,0.01%,0,0,0,0,0,0,0,27,88,377,0,,,,,
Nebraska,2009,130,1743003,February,0.01%,0,0,0,0,0,0,0,0,10,120,0,,,,,
Nebraska,2010,139,1790032,January,0.01%,0,0,0,0,0,0,0,0,0,139,0,,,,,
Nebraska,2011,189,1817825,February,0.01%,0,0,0,0,0,0,0,0,0,189,0,,,,,
Nebraska,2012,168,1777623,March,0.01%,0,0,0,0,0,0,0,0,21,147,0,,,,,
Nebraska,2013,208,1810303,January,0.01%,0,0,0,0,0,0,0,0,11,197,0,,,,,
Nebraska,2014,187,1854867,December,0.01%,0,0,0,0,0,0,0,0,36,151,0,,,,,
Nebraska,2015,208,1930224,January,0.01%,0,0,0,0,0,0,0,0,25,183,0,,,,,
Nebraska,2016,187,1939639,April,0.01%,0,0,0,0,0,0,0,0,14,173,0,,,,,
Nebraska,2017,243,1837106,February,0.01%,0,0,0,0,0,0,0,0,33,210,0,,,,,
North Dakota,2009,21,623992,May,0.00%,0,0,0,0,0,0,0,0,0,21,0,,,,,
North Dakota,2010,10,570866,June,0.00%,0,0,0,0,0,0,0,0,0,10,0,,,,,
North Dakota,2011,0,820058,No Deaths,0.00%,0,0,0,0,0,0,0,0,0,0,0,,,,,
North Dakota,2012,21,706929,November,0.00%,0,0,0,0,0,0,0,0,0,21,0,,,,,
North Dakota,2013,25,737626,January,0.00%,0,0,0,0,0,0,0,0,0,25,0,,,,,
North Dakota,2014,64,708911,December,0.01%,0,0,0,0,0,0,0,0,11,53,0,,,,,
North Dakota,2015,38,732713,January,0.01%,0,0,0,0,0,0,0,0,0,38,0,,,,,
North Dakota,2016,0,624247,March,0.00%,0,0,0,0,0,0,0,0,0,0,0,,,,,
North Dakota,2017,0,834941,March,0.00%,0,0,0,0,0,0,0,0,0,0,0,,,,,
New Hampshire,2009,49,1315419,February,0.00%,0,0,0,0,0,0,0,0,0,49,0,,,,,
New Hampshire,2010,63,1313939,January,0.00%,0,0,0,0,0,0,0,0,0,63,0,,,,,
New Hampshire,2011,113,1332919,January,0.01%,0,0,0,0,0,0,0,0,10,103,0,,,,,
New Hampshire,2012,98,1317474,December,0.01%,0,0,0,0,0,0,0,0,0,98,0,,,,,
New Hampshire,2013,80,1319171,January,0.01%,0,0,0,0,0,0,0,0,11,69,0,,,,,
New Hampshire,2014,59,1277778,March,0.00%,0,0,0,0,0,0,0,0,0,59,0,,,,,
New Hampshire,2015,140,1244818,January,0.01%,0,0,0,0,0,0,0,0,0,140,0,,,,,
New Hampshire,2016,45,1327503,April,0.00%,0,0,0,0,0,0,0,0,0,45,0,,,,,
New Hampshire,2017,98,1375382,March,0.01%,0,0,0,0,0,0,0,0,14,84,0,,,,,
New Jersey,2009,1143,8650548,January,0.01%,0,0,0,0,0,11,58,106,363,605,0,,,,,
New Jersey,2010,955,8721577,January,0.01%,0,0,0,0,0,0,31,92,286,546,0,,,,,
New Jersey,2011,1047,8753064,January,0.01%,0,0,0,0,0,12,46,94,292,603,0,,,,,
New Jersey,2012,975,8793888,January,0.01%,0,0,0,0,0,0,23,98,283,571,0,,,,,
New Jersey,2013,1209,8832406,January,0.01%,0,0,0,0,11,0,52,122,334,690,0,,,,,
New Jersey,2014,1069,8874374,February,0.01%,0,0,0,0,0,0,43,119,274,633,0,,,,,
New Jersey,2015,1278,8904413,January,0.01%,0,0,0,0,0,10,43,140,331,754,0,,,,,
New Jersey,2016,1084,8850952,March,0.01%,0,0,0,0,0,0,63,159,281,581,0,,,,,
New Jersey,2017,1193,9115905,February,0.01%,0,0,0,0,0,0,69,131,343,650,0,,,,,
New York ,2009,4389,19423896,January,0.02%,0,0,0,10,25,190,286,534,1254,2090,0,,,,,
New York ,2010,4522,19229752,January,0.02%,0,0,0,0,0,131,326,523,1269,2273,0,,,,,
New York ,2011,4787,19359449,January,0.02%,0,0,0,0,10,148,333,530,1268,2498,0,,,,,
New York ,2012,4292,19312883,December,0.02%,0,0,0,0,0,116,307,509,1152,2208,0,,,,,
New York ,2013,4767,19490635,January,0.02%,0,0,0,0,0,135,350,636,1216,2430,0,,,,,
New York ,2014,4601,19644020,January,0.02%,0,0,0,0,22,155,394,615,1171,2244,0,,,,,
New York ,2015,4753,19601171,January,0.02%,0,0,0,0,0,126,329,620,1214,2464,0,,,,,
New York ,2016,4372,19781344,March,0.02%,0,0,0,0,13,80,376,695,1127,2081,0,,,,,
New York ,2017,4392,19899801,January,0.02%,0,0,0,0,0,104,333,655,1134,2166,0,,,,,
Nevada,2009,281,2534911,December,0.01%,0,0,0,0,0,0,10,35,101,135,0,,,,,
Nevada,2010,233,2633331,March,0.01%,0,0,0,0,0,0,0,21,121,91,0,,,,,
Nevada,2011,240,2671338,March,0.01%,0,0,0,0,0,0,0,48,115,77,0,,,,,
Nevada,2012,314,2685965,February,0.01%,0,0,0,0,0,0,0,35,152,127,0,,,,,
Nevada,2013,276,2727982,January,0.01%,0,0,0,0,0,0,23,69,92,92,0,,,,,
Nevada,2014,520,2767742,January,0.02%,0,0,0,0,0,0,32,152,170,166,0,,,,,
Nevada,2015,454,2892387,January,0.02%,0,0,0,0,0,0,32,100,157,165,0,,,,,
Nevada,2016,374,2941149,March,0.01%,0,0,0,0,0,12,35,87,144,96,0,,,,,
Nevada,2017,457,2871151,January,0.02%,0,0,0,0,0,0,49,154,115,139,0,,,,,
New Mexico,2009,112,1964860,March,0.01%,0,0,0,0,0,0,0,0,0,112,0,,,,,
New Mexico,2010,132,2107569,March,0.01%,0,0,0,0,0,0,0,0,23,109,0,,,,,
New Mexico,2011,162,2050625,January,0.01%,0,0,0,0,0,0,0,0,24,138,0,,,,,
New Mexico,2012,103,2016248,December,0.01%,0,0,0,0,0,0,0,0,10,93,0,,,,,
New Mexico,2013,166,2067785,March,0.01%,0,0,0,0,0,0,0,0,45,121,0,,,,,
New Mexico,2014,129,2008756,January,0.01%,0,0,0,0,0,0,0,10,22,97,0,,,,,
New Mexico,2015,115,1939978,January,0.01%,0,0,0,0,0,0,0,11,30,74,0,,,,,
New Mexico,2016,119,2063342,March,0.01%,0,0,0,0,0,0,0,0,38,81,0,,,,,
New Mexico,2017,120,2065568,December,0.01%,0,0,0,0,0,0,0,11,55,54,0,,,,,
North Carolina,2009,1567,8983850,February,0.02%,0,0,0,0,0,52,83,260,475,697,0,,,,,
North Carolina,2010,1572,9256890,January,0.02%,0,0,0,0,0,21,115,213,440,783,0,,,,,
North Carolina,2011,1432,9326745,February,0.02%,0,0,0,0,0,10,78,223,412,709,0,,,,,
North Carolina,2012,1787,9473471,December,0.02%,0,0,0,0,0,16,174,293,510,794,0,,,,,
North Carolina,2013,1793,9872176,January,0.02%,0,0,0,0,0,51,156,288,501,797,0,,,,,
North Carolina,2014,1744,10135660,January,0.02%,0,0,0,0,11,55,150,304,479,745,0,,,,,
North Carolina,2015,1986,9600041,January,0.02%,0,0,0,0,0,32,176,365,510,903,0,,,,,
North Carolina,2016,1783,9790104,January,0.02%,0,0,0,0,0,54,179,323,487,740,0,,,,,
North Carolina,2017,1933,10250849,March,0.02%,0,0,0,0,0,31,212,363,514,813,0,,,,,
Ohio,2009,1900,11448785,November,0.02%,0,0,0,20,26,73,141,245,570,825,0,,,,,
Ohio,2010,1829,11537145,December,0.02%,0,0,0,0,0,15,145,244,532,893,0,,,,,
Ohio,2011,2151,11514097,March,0.02%,0,0,0,0,12,70,177,275,592,1025,0,,,,,
Ohio,2012,2081,11528293,March,0.02%,0,0,0,0,0,35,165,254,574,1053,0,,,,,
Ohio,2013,2269,11209614,January,0.02%,0,0,0,0,0,47,217,310,641,1054,0,,,,,
Ohio,2014,2322,11680583,December,0.02%,0,0,0,0,0,75,222,360,590,1075,0,,,,,
Ohio,2015,2341,11141119,January,0.02%,0,0,0,0,0,44,204,361,596,1136,0,,,,,
Ohio,2016,2020,11653442,April,0.02%,0,0,0,0,10,27,210,355,539,879,0,,,,,
Ohio,2017,2129,11305853,March,0.02%,0,0,0,0,0,34,207,381,544,963,0,,,,,
Oklahoma,2009,669,3607249,October ,0.02%,0,0,0,0,0,14,22,73,234,326,0,,,,,
Oklahoma,2010,589,3629062,December,0.02%,0,0,0,0,0,0,10,56,225,298,0,,,,,
Oklahoma,2011,696,3556899,February,0.02%,0,0,0,0,0,0,36,115,219,326,0,,,,,
Oklahoma,2012,407,3764791,December,0.01%,0,0,0,0,0,0,33,33,112,229,0,,,,,
Oklahoma,2013,553,3781894,January,0.01%,0,0,0,0,0,0,47,66,135,305,0,,,,,
Oklahoma,2014,558,3831863,January,0.01%,0,0,0,0,0,15,60,93,133,257,0,,,,,
Oklahoma,2015,566,4148512,January,0.01%,0,0,0,0,0,0,26,78,206,256,0,,,,,
Oklahoma,2016,358,3791992,January,0.01%,0,0,0,0,0,0,23,36,108,191,0,,,,,
Oklahoma,2017,448,3999441,February,0.01%,0,0,0,0,0,0,20,86,136,206,0,,,,,
Oregon,2009,304,3694697,January,0.01%,0,0,0,0,0,0,0,10,88,206,0,,,,,
Oregon,2010,261,3761910,January,0.01%,0,0,0,0,0,0,0,0,34,227,0,,,,,
Oregon,2011,237,3745417,May,0.01%,0,0,0,0,0,0,0,0,34,203,0,,,,,
Oregon,2012,220,3859680,April,0.01%,0,0,0,0,0,0,0,0,32,188,0,,,,,
Oregon,2013,293,3894343,March,0.01%,0,0,0,0,0,0,0,0,67,226,0,,,,,
Oregon,2014,273,3931719,January,0.01%,0,0,0,0,0,11,22,27,37,176,0,,,,,
Oregon,2015,268,3813556,January,0.01%,0,0,0,0,0,0,0,10,48,210,0,,,,,
Oregon,2016,245,4029474,December,0.01%,0,0,0,0,0,0,0,40,45,160,0,,,,,
Oregon,2017,400,3951844,January,0.01%,0,0,0,0,0,0,21,35,90,254,0,,,,,
Pennsylvania,2009,2432,12539703,March,0.02%,0,0,0,0,10,68,166,270,686,1232,0,,,,,
Pennsylvania,2010,2174,12554832,January,0.02%,0,0,0,0,0,12,115,256,615,1176,0,,,,,
Pennsylvania,2011,2638,12537929,February,0.02%,0,0,0,0,0,42,170,312,691,1423,0,,,,,
Pennsylvania,2012,2190,12638726,December,0.02%,0,0,0,0,0,0,78,258,646,1208,0,,,,,
Pennsylvania,2013,2741,12666382,January,0.02%,0,0,0,0,0,24,181,302,708,1526,0,,,,,
Pennsylvania,2014,2432,12566922,January,0.02%,0,0,0,0,0,59,210,320,611,1232,0,,,,,
Pennsylvania,2015,2786,12617386,January,0.02%,0,0,0,0,0,33,193,355,697,1508,0,,,,,
Pennsylvania,2016,2329,12893949,March,0.02%,0,0,0,0,0,32,126,356,624,1191,0,,,,,
Pennsylvania,2017,2612,12858104,January,0.02%,0,0,0,0,0,25,194,360,611,1422,0,,,,,
Rhode Island,2009,70,1057381,February,0.01%,0,0,0,0,0,0,0,0,12,58,0,,,,,
Rhode Island,2010,95,1056389,December,0.01%,0,0,0,0,0,0,0,0,10,85,0,,,,,
Rhode Island,2011,101,1053959,March,0.01%,0,0,0,0,0,0,0,0,0,101,0,,,,,
Rhode Island,2012,31,1052471,September,0.00%,0,0,0,0,0,0,0,0,0,31,0,,,,,
Rhode Island,2013,71,1051695,January,0.01%,0,0,0,0,0,0,0,0,10,61,0,,,,,
Rhode Island,2014,56,1053252,April,0.01%,0,0,0,0,0,0,0,0,0,56,0,,,,,
Rhode Island,2015,135,1136426,January,0.01%,0,0,0,0,0,0,0,0,0,135,0,,,,,
Rhode Island,2016,21,1054491,March,0.00%,0,0,0,0,0,0,0,0,0,21,0,,,,,
Rhode Island,2017,79,1056138,February,0.01%,0,0,0,0,0,0,0,0,0,79,0,,,,,
South Carolina,2009,562,4386090,November,0.01%,0,0,0,0,0,10,12,47,197,296,0,,,,,
South Carolina,2010,567,4815846,January,0.01%,0,0,0,0,0,0,0,32,208,327,0,,,,,
South Carolina,2011,601,4484229,January,0.01%,0,0,0,0,0,0,10,66,212,313,0,,,,,
South Carolina,2012,558,4634882,December,0.01%,0,0,0,0,0,11,14,44,202,287,0,,,,,
South Carolina,2013,559,4642701,January,0.01%,0,0,0,0,0,0,17,89,171,282,0,,,,,
South Carolina,2014,562,4725911,January,0.01%,0,0,0,0,0,11,47,93,160,251,0,,,,,
South Carolina,2015,708,4630051,January,0.02%,0,0,0,0,0,0,34,125,221,328,0,,,,,
South Carolina,2016,533,4929093,March,0.01%,0,0,0,0,0,12,42,79,156,244,0,,,,,
South Carolina,2017,570,4822234,March,0.01%,0,0,0,0,0,0,31,86,207,246,0,,,,,
South Dakota,2009,30,786961,June,0.00%,0,0,0,0,0,0,0,0,0,30,0,,,,,
South Dakota,2010,47,741943,December,0.01%,0,0,0,0,0,0,0,0,0,47,0,,,,,
South Dakota,2011,40,848110,March,0.00%,0,0,0,0,0,0,0,0,0,40,0,,,,,
South Dakota,2012,70,798524,March,0.01%,0,0,0,0,0,0,0,0,0,70,0,,,,,
South Dakota,2013,67,773290,January,0.01%,0,0,0,0,0,0,0,0,0,67,0,,,,,
South Dakota,2014,69,711602,May,0.01%,0,0,0,0,0,0,0,0,0,69,0,,,,,
South Dakota,2015,82,657576,January,0.01%,0,0,0,0,0,0,0,0,0,82,0,,,,,
South Dakota,2016,70,768118,January,0.01%,0,0,0,0,0,0,0,0,11,59,0,,,,,
South Dakota,2017,55,892703,February,0.01%,0,0,0,0,0,0,0,0,0,55,0,,,,,
Tennessee,2009,1207,6056214,January,0.02%,0,0,0,0,0,11,109,155,378,554,0,,,,,
Tennessee,2010,1227,6268463,January,0.02%,0,0,0,0,0,0,110,209,373,535,0,,,,,
Tennessee,2011,1306,6341858,March,0.02%,0,0,0,0,0,27,87,236,406,550,0,,,,,
Tennessee,2012,1279,6331873,December,0.02%,0,0,0,0,0,0,83,211,355,630,0,,,,,
Tennessee,2013,1435,6184829,January,0.02%,0,0,0,0,13,25,142,247,411,597,0,,,,,
Tennessee,2014,1485,6516834,January,0.02%,0,0,0,0,16,59,162,257,409,582,0,,,,,
Tennessee,2015,1550,6469040,January,0.02%,0,0,0,0,0,32,80,308,485,645,0,,,,,
Tennessee,2016,1427,6350236,March,0.02%,0,0,0,0,0,37,178,281,412,519,0,,,,,
Tennessee,2017,1526,6889819,December,0.02%,0,0,0,0,0,48,157,337,439,545,0,,,,,
Texas,2009,3168,23700967,October ,0.01%,0,0,0,32,86,221,317,415,852,1245,0,,,,,
Texas,2010,2854,24151439,March,0.01%,0,0,0,0,22,131,266,390,826,1219,0,,,,,
Texas,2011,2868,24798976,February,0.01%,0,0,0,0,14,101,280,405,803,1265,0,,,,,
Texas,2012,2815,24996132,December,0.01%,0,0,0,0,24,106,250,440,784,1211,0,,,,,
Texas,2013,3195,25642737,January,0.01%,0,0,0,15,42,165,365,490,841,1277,0,,,,,
Texas,2014,3311,26011866,January,0.01%,0,0,0,40,66,195,458,533,829,1190,0,,,,,
Texas,2015,3070,26050856,January,0.01%,0,0,0,10,10,157,318,496,826,1253,0,,,,,
Texas,2016,2694,26525107,March,0.01%,0,0,0,0,24,90,320,518,716,1026,0,,,,,
Texas,2017,2784,27167870,December,0.01%,0,0,0,0,21,147,326,518,741,1031,0,,,,,
Utah,2009,120,2632280,February,0.00%,0,0,0,0,0,0,0,0,22,98,0,,,,,
Utah,2010,173,2665430,December,0.01%,0,0,0,0,0,0,0,0,36,137,0,,,,,
Utah,2011,176,2672834,May,0.01%,0,0,0,0,0,0,0,0,41,135,0,,,,,
Utah,2012,157,2773327,March,0.01%,0,0,0,0,0,0,0,0,34,123,0,,,,,
Utah,2013,230,2938531,January,0.01%,0,0,0,0,0,0,0,0,68,162,0,,,,,
Utah,2014,186,2835421,March,0.01%,0,0,0,0,0,0,0,0,59,127,0,,,,,
Utah,2015,170,2906075,January,0.01%,0,0,0,0,0,0,0,0,29,141,0,,,,,
Utah,2016,183,2919477,February,0.01%,0,0,0,0,0,0,0,0,38,145,0,,,,,
Utah,2017,109,2989969,January,0.00%,0,0,0,0,0,0,0,0,42,67,0,,,,,
Vermont,2009,0,620414,No Deaths,0.00%,0,0,0,0,0,0,0,0,0,0,0,,,,,
Vermont,2010,0,572962,No Deaths,0.00%,0,0,0,0,0,0,0,0,0,0,0,,,,,
Vermont,2011,0,691057,No Deaths,0.00%,0,0,0,0,0,0,0,0,0,0,0,,,,,
Vermont,2012,0,647458,No Deaths,0.00%,0,0,0,0,0,0,0,0,0,0,0,,,,,
Vermont,2013,0,557930,No Deaths,0.00%,0,0,0,0,0,0,0,0,0,0,0,,,,,
Vermont,2014,0,508585,No Deaths,0.00%,0,0,0,0,0,0,0,0,0,0,0,,,,,
Vermont,2015,20,746112,January,0.00%,0,0,0,0,0,0,0,0,0,20,0,,,,,
Vermont,2016,0,555569,No Deaths,0.00%,0,0,0,0,0,0,0,0,0,0,0,,,,,
Vermont,2017,0,657467,No Deaths,0.00%,0,0,0,0,0,0,0,0,0,0,0,,,,,
Virginia,2009,1055,9457504,January,0.01%,0,0,0,0,0,10,34,110,351,550,0,,,,,
Virginia,2010,1023,9453461,December,0.01%,0,0,0,0,0,0,0,113,329,581,0,,,,,
Virginia,2011,1285,9724928,February,0.01%,0,0,0,0,0,24,57,197,346,661,0,,,,,
Virginia,2012,1116,9411024,December,0.01%,0,0,0,0,0,0,20,123,330,643,0,,,,,
Virginia,2013,1272,9944177,January,0.01%,0,0,0,0,0,10,36,195,382,649,0,,,,,
Virginia,2014,1373,10036273,January,0.01%,0,0,0,0,11,29,104,237,372,620,0,,,,,
Virginia,2015,1307,9999616,January,0.01%,0,0,0,0,0,0,101,224,350,632,0,,,,,
Virginia,2016,1062,10006057,March,0.01%,0,0,0,0,0,0,80,193,295,494,0,,,,,
Virginia,2017,1112,10003081,March,0.01%,0,0,0,0,0,13,72,201,315,511,0,,,,,
West Virginia,2009,288,1771937,November,0.02%,0,0,0,0,0,10,0,10,94,174,0,,,,,
West Virginia,2010,294,1881165,November,0.02%,0,0,0,0,0,0,0,0,108,186,0,,,,,
West Virginia,2011,248,1814205,March,0.01%,0,0,0,0,0,0,0,13,81,154,0,,,,,
West Virginia,2012,268,1785173,December,0.02%,0,0,0,0,0,0,0,0,98,170,0,,,,,
West Virginia,2013,324,1867261,January,0.02%,0,0,0,0,0,0,0,37,98,189,0,,,,,
West Virginia,2014,286,1921821,January,0.01%,0,0,0,0,0,0,23,32,52,179,0,,,,,
West Virginia,2015,345,1676448,January,0.02%,0,0,0,0,0,0,0,45,93,207,0,,,,,
West Virginia,2016,207,1824017,January,0.01%,0,0,0,0,0,0,0,13,51,143,0,,,,,
West Virginia,2017,294,1777619,March,0.02%,0,0,0,0,0,0,0,33,101,160,0,,,,,
Wisconsin,2009,795,5599420,March,0.01%,0,0,0,0,0,22,0,25,234,514,0,,,,,
Wisconsin,2010,726,5599318,December,0.01%,0,0,0,0,0,0,0,0,225,501,0,,,,,
Wisconsin,2011,806,5449940,January,0.01%,0,0,0,0,0,0,0,33,241,532,0,,,,,
Wisconsin,2012,840,5972135,December,0.01%,0,0,0,0,0,0,0,37,257,546,0,,,,,
Wisconsin,2013,964,5597184,January,0.02%,0,0,0,0,0,0,24,70,228,642,0,,,,,
Wisconsin,2014,832,5678734,January,0.01%,0,0,0,0,0,14,21,44,193,560,0,,,,,
Wisconsin,2015,885,5702115,January,0.02%,0,0,0,0,0,0,0,52,238,595,0,,,,,
Wisconsin,2016,709,5693776,March,0.01%,0,0,0,0,0,0,35,45,158,471,0,,,,,
Wisconsin,2017,829,5832175,March,0.01%,0,0,0,0,0,0,23,105,180,521,0,,,,,
Wyoming,2009,10,519426,November,0.00%,0,0,0,0,0,0,0,0,0,10,0,,,,,
Wyoming,2010,10,600605,April,0.00%,0,0,0,0,0,0,0,0,0,10,0,,,,,
Wyoming,2011,22,633559,March,0.00%,0,0,0,0,0,0,0,0,0,22,0,,,,,
Wyoming,2012,0,717595,No Deaths,0.00%,0,0,0,0,0,0,0,0,0,0,0,,,,,
Wyoming,2013,12,566391,January,0.00%,0,0,0,0,0,0,0,0,0,12,0,,,,,
Wyoming,2014,0,654471,No Deaths,0.00%,0,0,0,0,0,0,0,0,0,0,0,,,,,
Wyoming,2015,0,606146,No Deaths,0.00%,0,0,0,0,0,0,0,0,0,0,0,,,,,
Wyoming,2016,0,539403,No Deaths,0.00%,0,0,0,0,0,0,0,0,0,0,0,,,,,
Wyoming,2017,22,628165,February,0.00%,0,0,0,0,0,0,0,0,0,22,0,,,,,
Washington,2009,546,6465755,November,0.01%,0,0,0,0,0,33,23,26,144,320,0,,,,,
Washington,2010,411,6541242,March,0.01%,0,0,0,0,0,0,11,0,102,298,0,,,,,
Washington,2011,581,6628098,March,0.01%,0,0,0,0,0,0,12,46,158,365,0,,,,,
Washington,2012,521,6763880,March,0.01%,0,0,0,0,0,0,0,10,155,356,0,,,,,
Washington,2013,606,6780347,January,0.01%,0,0,0,0,0,0,10,22,158,416,0,,,,,
Washington,2014,564,6936198,January,0.01%,0,0,0,0,11,14,30,47,133,329,0,,,,,
Washington,2015,671,6946663,January,0.01%,0,0,0,0,0,0,0,80,155,436,0,,,,,
Washington,2016,643,7002722,December,0.01%,0,0,0,0,0,0,39,76,163,365,0,,,,,
Washington,2017,889,7100074,January,0.01%,0,0,0,0,0,10,42,115,234,488,0,,,,,
Iowa,2009,528,2972825,January,0.02%,0,0,0,0,0,12,10,16,148,342,0,,,,,
Iowa,2010,434,2995769,December,0.01%,0,0,0,0,0,0,0,10,105,319,0,,,,,
Iowa,2012,513,3164320,December,0.02%,0,0,0,0,0,0,0,0,102,411,0,,,,,
Iowa,2013,621,3011954,January,0.02%,0,0,0,0,0,0,0,15,154,452,0,,,,,
Iowa,2014,420,2996688,December,0.01%,0,0,0,0,0,0,0,0,87,333,0,,,,,
Iowa,2015,462,3310134,January,0.01%,0,0,0,0,0,0,11,13,85,353,0,,,,,
Iowa,2016,362,3128608,November,0.01%,0,0,0,0,0,0,0,0,68,294,0,,,,,
Iowa,2017,413,3049856,February,0.01%,0,0,0,0,0,0,0,25,61,327,0,,,,,
